Zone,Emissions_tonne_per_tonne,Cost_per_tonne_per_hr,Max_tonne_per_hr
1,0,92.66340619,5498.858463
2,0,97.37371179,904.3098134
3,0,100.4948701,156.7982868
