Zone,Emissions_tonne_per_tonne,Cost_per_tonne_per_hr,Max_tonne_per_hr
1,0,101.9928403,859.0132302
2,0,129.069471,90.60383318
3,0,121.5706985,32.84008759
